{
  "trange": [
    [
      49.0, 
      49.5
    ], 
    [
      53.0, 
      53.5
    ], 
    [
      56.0, 
      56.5
    ]
  ], 
  "lad4": [
    1.7272727272727271e+19, 
    2.9999999999999996e+19, 
    3.2727272727272727e+19
  ], 
  "kt3e_coord": [
    2.5693695545196533, 
    2.5858657360076904, 
    2.6023619174957275, 
    2.6188578605651855, 
    2.6353540420532227, 
    2.6518502235412598, 
    2.668346405029297, 
    2.684842586517334, 
    2.701338529586792, 
    2.717834711074829, 
    2.734330892562866, 
    2.7508270740509033, 
    2.7673232555389404, 
    2.7838191986083984, 
    2.8003153800964355, 
    2.8168115615844727, 
    2.8333077430725098, 
    2.849803924560547, 
    2.866299867630005, 
    2.882796049118042, 
    2.899292230606079
  ], 
  "pulse": 90463, 
  "Ly_beta_esc_fac": [
    [
      2.089567232963757, 
      1.339327675295341, 
      1.0989153030425312, 
      1.1547236728966042, 
      1.0547713413239883, 
      0.9982605281591195, 
      0.9681885115415005, 
      1.0291119636618857, 
      1.0943251119067223, 
      1.0506710551199352, 
      1.0157592392311858, 
      1.0661534714881118, 
      1.03519575027538, 
      1.0455435702127382, 
      1.1656271777941634, 
      1.5649619036280225, 
      1.463730365998452, 
      1.569019943137473, 
      1.5624478918545146, 
      1.6659494049180954, 
      1.5809594631038504
    ], 
    [
      0.4252390466114877, 
      0.5089911923092946, 
      0.4956962506207476, 
      0.48091838711541074, 
      0.5179549114216186, 
      0.603437301346196, 
      0.6080583837540164, 
      0.6474208598994902, 
      0.6843464020641878, 
      0.6297004218289445, 
      0.3865141413756384, 
      0.2995586209338655, 
      0.27253621028385483, 
      0.2694711183074835, 
      0.2882604814232482, 
      0.33528391386784073, 
      0.3105031564517592, 
      0.2988626799367132, 
      0.2991800571067233, 
      0.38632967434893967, 
      0.575067996065228
    ], 
    [
      0.34737004380603603, 
      0.4114414368561612, 
      0.40478434342426267, 
      0.3958619504056486, 
      0.46545120863262124, 
      0.442046031256804, 
      0.49362153628342376, 
      0.5454790670382624, 
      0.5692643014218374, 
      0.37765865671238874, 
      0.19536438026288094, 
      0.14557077448365605, 
      0.141237052837913, 
      0.15399256503278685, 
      0.1716425182045589, 
      0.21621719962979177, 
      0.2528229088121063, 
      0.23507536946472515, 
      0.23396076527129436, 
      0.3039851942132037, 
      0.41340424807433424
    ]
  ]
}